{
  "project_info": {
    "project_number": "463114902619",
    "project_id": "quiz2-58372",
    "storage_bucket": "quiz2-58372.appspot.com"
  },
  "client": [
    {
      "client_info": {
        "mobilesdk_app_id": "1:463114902619:android:1db4bc253af62bdb6b337e",
        "android_client_info": {
          "package_name": "com.example.quiz2"
        }
      },
      "oauth_client": [
        {
          "client_id": "463114902619-qk5m39qrts63odagjtqto61ctv7573pb.apps.googleusercontent.com",
          "client_type": 3
        }
      ],
      "api_key": [
        {
          "current_key": "AIzaSyCs_WS7E4-02vICEGsK21dt858gtJqU3No"
        }
      ],
      "services": {
        "appinvite_service": {
          "other_platform_oauth_client": [
            {
              "client_id": "463114902619-qk5m39qrts63odagjtqto61ctv7573pb.apps.googleusercontent.com",
              "client_type": 3
            }
          ]
        }
      }
    }
  ],
  "configuration_version": "1"
}